{"day":{"0":1,"1":2,"2":3,"3":4,"4":5,"5":6,"6":7,"7":8,"8":9,"9":10,"10":11,"11":12,"12":13,"13":14,"14":15,"15":16,"16":17,"17":18,"18":19,"19":20,"20":21,"21":22,"22":23,"23":24,"24":25,"25":26,"26":27,"27":28,"28":29,"29":30,"30":31},"total_reqs":{"0":98710,"1":60265,"2":130972,"3":130009,"4":126468,"5":133380,"6":144595,"7":99024,"8":95730,"9":134108,"10":141653,"11":130607,"12":170683,"13":143981,"14":104379,"15":104507,"16":133969,"17":120528,"18":104832,"19":99556,"20":120169,"21":93029,"22":97296,"23":116811,"24":120020,"25":90457,"26":94503,"27":82617,"28":67988,"29":80641,"30":90125},"total_hosts":{"0":7609,"1":4858,"2":10238,"3":9411,"4":9640,"5":10133,"6":10048,"7":7112,"8":6699,"9":8532,"10":8786,"11":8135,"12":9567,"13":9302,"14":7126,"15":7143,"16":8840,"17":8262,"18":7237,"19":7072,"20":8036,"21":6828,"22":6797,"23":7946,"24":8333,"25":6741,"26":6846,"27":6090,"28":4825,"29":5265,"30":5913},"avg_reqs":{"0":12.9727953739,"1":12.4053108275,"2":12.7927329557,"3":13.8145786845,"4":13.1190871369,"5":13.1629329912,"6":14.3904259554,"7":13.9235095613,"8":14.2901925661,"9":15.7182372246,"10":16.1225813795,"11":16.0549477566,"12":17.8408069405,"13":15.4784992475,"14":14.647628403,"15":14.6306873863,"16":15.1548642534,"17":14.5882352941,"18":14.485560315,"19":14.0774886878,"20":14.9538327526,"21":13.6246338606,"22":14.314550537,"23":14.7006040775,"24":14.402976119,"25":13.4189289423,"26":13.8041191937,"27":13.5660098522,"28":14.0907772021,"29":15.3164292498,"30":15.2418400135}}