{"min_content_size":{"0":0},"max_content_size":{"0":6823936},"mean_content_size":{"0":18928.8443982168},"std_content_size":{"0":73031.4726094923},"count_content_size":{"0":3461612}}