{"status":{"0":200,"1":302,"2":304,"3":400,"4":403,"5":404,"6":500,"7":501},"count":{"0":3100524,"1":73070,"2":266773,"3":15,"4":225,"5":20899,"6":65,"7":41},"log(count)":{"0":14.9470816874,"1":11.1991731648,"2":12.4941533885,"3":2.7080502011,"4":5.4161004022,"5":9.9474565899,"6":4.1743872699,"7":3.7135720667}}